{
  "products": [
    { "id": 1, "productName": "iPhone", "price": 8900, "quantity": 0 },
    { "id": 2, "productName": "Sony Camera", "price": 4500, "quantity": 0 },
    { "id": 3, "productName": "Samsung QLED TV", "price": 7745, "quantity": 0 },
    { "id": 4, "productName": "iPad Pro", "price": 12400, "quantity": 0 },
    { "id": 5, "productName": "Xbox", "price": 7780, "quantity": 0 },
    { "id": 6, "productName": "Dell Monitor", "price": 880, "quantity": 0 }
  ],
  "users": [
    { "id": 1, "email": "scott@test.com", "password": "scott123" },
    { "id": 2, "email": "allen@test.com", "password": "allen123" }
  ]
}
